avg_ci_low,std_ci_low,median_ci_low,min_ci_low,max_ci_low,avg_ci_high,std_ci_high,median_ci_high,min_ci_high,max_ci_high,avg_delta_qini,std_delta_qini,median_delta_qini,min_delta_qini,max_delta_qini,dataset,model,target_feature,frac
0.04128186526857927,0.038600484598598384,0.0456278388409678,-0.0665151468724832,0.1189334444547753,0.11176678196815598,0.03958292159143055,0.11341292890502315,0.0083390648454694,0.1848350355447637,-0.05437439262744794,0.07408419564558028,-0.052429055990493856,-0.2316501769026776,0.12874606384326578,hillstrom,uplift_rf,zip_code_Surburban,0.01
0.05151139730128163,0.04297634286777897,0.05199264347042485,-0.0497042009118164,0.1498723829850221,0.10138828770908546,0.043499165284525215,0.10224733590504209,0.00345807877434,0.203750483133111,-0.06623365751781359,0.09119808102182252,-0.06157953070615688,-0.29752152964049394,0.17428144832582187,hillstrom,uplift_rf,zip_code_Surburban,0.02
0.05017195306524996,0.03905045987360571,0.0495550921310457,-0.0622103316026417,0.1343080673556973,0.09007320609388537,0.038796591644263634,0.09027647283532794,-0.0210507489343155,0.1668498157375253,-0.09392548731700626,0.07740604417717346,-0.08854413668640808,-0.31536768934925113,0.08694474961582152,hillstrom,uplift_rf,zip_code_Surburban,0.03
0.05478251070672939,0.04157852295617341,0.0535972833151378,-0.0377767818884079,0.1510613524372849,0.08957387726828832,0.04180888615852999,0.08739777618127595,-0.0056722394619853,0.189133220015352,-0.0799849469150337,0.08516318502868792,-0.08621969929047801,-0.31862303245958645,0.17047379072583402,hillstrom,uplift_rf,zip_code_Surburban,0.04
0.052746794154169,0.043078642612466675,0.04936881681954665,-0.0602178175714474,0.174892642824782,0.08393357419511528,0.04309525426417431,0.07851506115991391,-0.0255522374275061,0.2035057036728959,-0.07267280351434287,0.08551156905013649,-0.07665552873082596,-0.32857491803253025,0.1787301909108794,hillstrom,uplift_rf,zip_code_Surburban,0.05
0.054857977123385145,0.03684002337040434,0.0560116592533363,-0.0302950853394862,0.135438484490097,0.08307143338398404,0.036412065075823036,0.08433127838412065,0.0013399921918184,0.1649512588121685,-0.06943439908971846,0.0789578817488375,-0.07799315595684224,-0.24235220510419087,0.17916582193707978,hillstrom,uplift_rf,zip_code_Surburban,0.06
0.0514595727069227,0.03532358929033966,0.0501070113339198,-0.0297778490691331,0.1340444709470679,0.07713997661583552,0.03530255677574114,0.0753885124893388,-0.0026909454983459,0.157468503674704,-0.07526292584096503,0.08346479446236772,-0.0724096029317865,-0.2736402429997492,0.0884942968163673,hillstrom,uplift_rf,zip_code_Surburban,0.07
0.0600664922501159,0.037870940627762174,0.06090984972961995,-0.0244138421566666,0.1762312499247419,0.08429772520269604,0.03807122137216667,0.08400047985705669,0.000627900035744,0.1995672579618191,-0.07608836733845081,0.07926438119919761,-0.08714136208379117,-0.24268866369104825,0.12644483512660745,hillstrom,uplift_rf,zip_code_Surburban,0.08
0.06294245284015133,0.03996198579317722,0.06037983720258855,-0.0295165875646006,0.160666557968325,0.08587458435802668,0.039795836330309954,0.08398536195825244,-0.0087355436666576,0.1837274941656652,-0.07995314297196349,0.0806298785840785,-0.07367142848587022,-0.23801807777911974,0.08247646869437314,hillstrom,uplift_rf,zip_code_Surburban,0.09
0.0663136077891463,0.037053498506143964,0.06347796508400685,-0.0288203772330053,0.1771285750097966,0.08816156002997717,0.036971199375481004,0.08503446018174446,-0.0059094941327896,0.1989010122312356,-0.07467667208250935,0.09188239003068623,-0.06900927837388682,-0.2737652739073586,0.20223924590829342,hillstrom,uplift_rf,zip_code_Surburban,0.1
-0.029991459507246798,0.027996530848391727,-0.02981124218842255,-0.094749315321357,0.0404658403965698,0.037809716822419855,0.02978780905035904,0.03801994376478595,-0.0259840239815807,0.1028501281979528,0.0714939815503669,0.05211722397804073,0.06755125565325584,-0.03477181071546369,0.2546442961836581,hillstrom,lgbm,zip_code_Surburban,0.01
-0.016138411132274908,0.02848154289289162,-0.01988801956891905,-0.0774207150153986,0.0644554058517061,0.031112170865204583,0.028137482916766664,0.027028058947867202,-0.0313146742955302,0.1045643254848204,0.09702169991744042,0.07312899982097693,0.0938070369717496,-0.15633043725909673,0.2875633150274518,hillstrom,lgbm,zip_code_Surburban,0.02
-0.012772785109367413,0.029396062375654893,-0.016168111323948152,-0.0903393710494251,0.0542351923287372,0.024715559807268167,0.028914754946955768,0.0221798865885947,-0.0455834365641971,0.0993714592571467,0.11296126343484188,0.07732202997797882,0.11640506470298795,-0.1647043680068189,0.3591610079253571,hillstrom,lgbm,zip_code_Surburban,0.03
-0.007972138441693725,0.03206304719798764,-0.00945682727362785,-0.0747376553293069,0.062992465111065,0.02443556845822273,0.03159823238291098,0.0238847219893288,-0.0430986959815395,0.0944244418550906,0.12425876933911198,0.06977288788013736,0.12594030801901362,-0.1116386341711345,0.2796865585141924,hillstrom,lgbm,zip_code_Surburban,0.04
-0.0035986199617431603,0.03306455091746594,-0.0124629591609493,-0.0801549319840269,0.0715674984445959,0.025005784301108145,0.03196593204959866,0.01767545123898415,-0.0467313446986954,0.1021128360140419,0.1245885482380903,0.08361641682143997,0.13450471823255877,-0.11475507028016148,0.34792897387061467,hillstrom,lgbm,zip_code_Surburban,0.05
-0.0018883929549631607,0.03043152932439257,-0.003732425065786,-0.066054258467938,0.0657291274253529,0.023921567656160835,0.029932191222728978,0.020486896804387297,-0.0377219230984876,0.0917504627099295,0.13322371517938975,0.08153346241012362,0.13806815434602132,-0.10297016009332705,0.2848268329559944,hillstrom,lgbm,zip_code_Surburban,0.06
0.00039635210342725975,0.03304478592349107,0.00018749219977749998,-0.0699939364944587,0.0692551282143242,0.024349134909614364,0.03242419046521521,0.02409205407141625,-0.0448009432287403,0.0948796390542162,0.13607597959385864,0.07477689710056347,0.14505095280243924,-0.035869476205067856,0.2977058631291786,hillstrom,lgbm,zip_code_Surburban,0.07
0.0038385814811450025,0.029087150941637368,0.00084436694138725,-0.0571035229748828,0.0633516957613937,0.02592925738944635,0.028350797295179975,0.02262819342248185,-0.0343595250306002,0.0843932482852216,0.13573328961311748,0.08556514981862955,0.1391971288166817,-0.0695927497208164,0.3860819434023289,hillstrom,lgbm,zip_code_Surburban,0.08
0.0042898433643315526,0.03222873023816995,0.00120017850637235,-0.0714635277640622,0.0684664209522888,0.025313801254712002,0.03134555090960902,0.02298820250979865,-0.0449751544535697,0.0894313687670575,0.14140914425406625,0.09218892355440357,0.13240954590861137,-0.06681764600380019,0.37629328488652897,hillstrom,lgbm,zip_code_Surburban,0.09
0.004454434888375415,0.030289958935976264,0.006559651809658101,-0.0633257794367329,0.0695863752635928,0.024202685364869136,0.029455798022593915,0.025118775671964848,-0.0406314429384211,0.0918225521371589,0.14043688891624215,0.09238973380866636,0.1495547047468055,-0.1105272076440635,0.3528012436184057,hillstrom,lgbm,zip_code_Surburban,0.1
-0.07775411946598308,0.06939948210752059,-0.0703573276417883,-0.229264353120084,0.1392188743886814,0.08017896088894823,0.07025991678812359,0.08815658563405876,-0.0655055005983304,0.2849366677194519,0.3095904032373536,0.4552840525006205,0.25506608460783586,-0.7656465631732564,1.346222920772337,hillstrom,mlp,zip_code_Surburban,0.01
-0.07009305507959787,0.059238159173187206,-0.0749023395021699,-0.2538950019429525,0.0607783078425826,0.04289249738209426,0.060622080542742145,0.0403166721760054,-0.1305106327728421,0.1682211023347609,0.35548170078586805,0.5121478109689919,0.33773977217954154,-0.9469805476154446,1.5947484281359798,hillstrom,mlp,zip_code_Surburban,0.02
-0.053853667557217974,0.056542394325254756,-0.054032743778935396,-0.1714200897972598,0.1035887475930926,0.03674677256906028,0.05649575187444062,0.03536602042269815,-0.0856563187643874,0.1832286692601505,0.14342744246115602,0.4940665361331047,0.13537899978688384,-0.8795522874853808,1.389155779787957,hillstrom,mlp,zip_code_Surburban,0.03
-0.04765111666870653,0.05540383152953082,-0.05451126061454125,-0.1648930371860227,0.0617988814495235,0.029684194757632194,0.05541928790801885,0.02502870189162685,-0.088343973098803,0.1374527479767843,0.2697907930146188,0.5062061525838581,0.20255030782971833,-0.9472894609453503,1.5928876767003912,hillstrom,mlp,zip_code_Surburban,0.04
-0.058472050394171846,0.052346072498601494,-0.0613046285756165,-0.1968703067493463,0.0956293282884509,0.010733170612000758,0.053138371542120914,0.01139030678127085,-0.1228899819240378,0.1653686226886843,0.2334907733664765,0.5040020787112369,0.19276385872222457,-0.8595258594875522,1.6612042431089338,hillstrom,mlp,zip_code_Surburban,0.05
-0.05944760271751181,0.05760920138868833,-0.0526114798384577,-0.2037428828948052,0.057634957263395,0.0036177453929500535,0.05797226475532137,0.011611399692549249,-0.1350621402137194,0.1185021247644974,0.18461386533785645,0.44934507205159036,0.15696915015036844,-0.8499883743590726,1.1411775932595334,hillstrom,mlp,zip_code_Surburban,0.06
-0.02710839804889783,0.06820890558602624,-0.021401897733979748,-0.1953123696533146,0.1055375181582347,0.032093124376201564,0.06909029366170519,0.040156598460491355,-0.1426529198373101,0.1662899397409529,0.3845408584766831,0.4933591945120526,0.2943429679547349,-0.6646180450170198,1.7760494235735076,hillstrom,mlp,zip_code_Surburban,0.07
-0.04186188992180715,0.05446759502560585,-0.042316299929909706,-0.1982623569998439,0.0640679624673921,0.013112668946916024,0.054396315936076335,0.01302489682428945,-0.1381718421590509,0.1245907494457363,0.22213095447168815,0.49834517781808135,0.22692498207620526,-0.8067688617144781,1.5312410370054037,hillstrom,mlp,zip_code_Surburban,0.08
-0.040218261690249495,0.051704554160234895,-0.036688796924731454,-0.1436805320732656,0.0935301633316806,0.011393631812423534,0.051948088509422286,0.017356614154479047,-0.0992141380893439,0.1459494259077922,0.133451420601356,0.49657909359420127,0.1397625591835881,-0.8207901413804847,1.6555803622994596,hillstrom,mlp,zip_code_Surburban,0.09
-0.03708541654999736,0.05625506360275246,-0.0416840392410459,-0.1571187821526253,0.1002087617682312,0.012124460960211098,0.056488048861177885,0.0077756372351733,-0.1131174800185046,0.1457011525235,0.05335338590764362,0.5336953728113462,-0.09855800051414668,-0.7998766479755631,2.1315165710986195,hillstrom,mlp,zip_code_Surburban,0.1
-0.04721969090195614,0.0893830105775014,-0.0432174011790444,-0.2939709936767732,0.1172121584544321,0.04528280930498285,0.08573761968527809,0.0585971151308568,-0.2003626106389782,0.1954274025608455,-0.056174345143897915,0.0818360535313711,-0.06158906547148341,-0.25255122635081134,0.1438590855417336,hillstrom,uplift_rf,mens,0.01
-0.04400633426478204,0.08286219923104107,-0.0277129563473513,-0.2798735121549474,0.0899583153987281,0.018696545050392616,0.08097106760947068,0.0328792679114709,-0.2189153561397573,0.1570212673794694,-0.07967485263999426,0.0856163741277538,-0.07934337291996081,-0.25085269880366073,0.1886542629255582,hillstrom,uplift_rf,mens,0.02
-0.04971354786686441,0.08455845500378421,-0.04328328094076775,-0.2620642856553188,0.1119160380130346,0.0011773352131148633,0.08247327108564736,0.00959731325082755,-0.2104506455805425,0.1655040954835075,-0.06558538929311215,0.07723183066510492,-0.0516824990253853,-0.2787199021969977,0.13400111861506606,hillstrom,uplift_rf,mens,0.03
-0.029687990699276846,0.08802194159199868,-0.0167694184599032,-0.3004623347364719,0.1169102531351266,0.013752333255927437,0.08382287748928656,0.02621094420756525,-0.2520834571607099,0.1476830678957821,-0.05189846974752719,0.08531485419738614,-0.060423696334111016,-0.2517415930845566,0.1784219193527866,hillstrom,uplift_rf,mens,0.04
-0.04596521965317069,0.08746828382048111,-0.02735108077715015,-0.2696679598334553,0.1317142787410209,-0.006989541104964457,0.08439800705470202,0.0085535857646654,-0.222238503856634,0.1622747754021659,-0.046166811589766245,0.08738530147696849,-0.0484719639288201,-0.2342033121672246,0.1914462834049352,hillstrom,uplift_rf,mens,0.05
-0.0359868301079463,0.08917991035186743,-0.0278571334808414,-0.2731818950912433,0.1302071737369171,-0.0016226412420466225,0.08697582847055361,0.00822097947633965,-0.2334529458592597,0.1594916018824361,-0.06550581271946715,0.08933892699584006,-0.07521865964920621,-0.2905770546716864,0.18339503472221635,hillstrom,uplift_rf,mens,0.06
-0.03156794902035611,0.07703780893675666,-0.023907016451533897,-0.2704040002330248,0.1265729308248254,-0.0012241364282372035,0.07501192950157085,0.009601423379246351,-0.240550376448919,0.1495515701941191,-0.0594390513795281,0.09054810011753572,-0.052862866113547645,-0.3128742898767135,0.13522817447063362,hillstrom,uplift_rf,mens,0.07
-0.03471380331093574,0.0800425393257689,-0.030279993349596752,-0.2661467642524453,0.1214387587690481,-0.005729571025862614,0.07769999593672132,-0.00281274032817255,-0.2357579111026762,0.1426154691219848,-0.05438487205985023,0.08201539833215753,-0.048859600146152427,-0.27222296642341987,0.1312690239776842,hillstrom,uplift_rf,mens,0.08
-0.0325302713984186,0.08616567567393554,-0.022368310214297853,-0.3219894678446872,0.1112850166156815,-0.005155422706547691,0.08371455237295182,0.007266342510879951,-0.2912927469245164,0.1335836215302675,-0.05463888206665552,0.0834099501637484,-0.05807357073300663,-0.36022470313920935,0.1924821140554251,hillstrom,uplift_rf,mens,0.09
-0.021619642138235945,0.0883778288390606,-0.005585694371619151,-0.3194308620524047,0.1347407555443898,0.0034140622182417726,0.08638500325083685,0.02008232791543505,-0.2893486053466556,0.1533943772260636,-0.056076961184748114,0.08027428484184423,-0.059102357670325914,-0.20723060244445857,0.13858665147967522,hillstrom,uplift_rf,mens,0.1
-0.011401361596550334,0.0293848520088828,-0.01122214114530525,-0.0620384794667679,0.0692282653482389,0.05503679255242071,0.0393654898973541,0.04599814750763885,-0.0113671870424535,0.1911658277987732,0.020136162447340906,0.036424916092164444,0.020059386205631916,-0.0687413585322309,0.14181755212631345,hillstrom,lgbm,mens,0.01
-0.016486556595749782,0.0374757510786331,-0.0223546046620112,-0.1589536522717765,0.0938716369740098,0.03681271778047216,0.043423610255362066,0.02836463776965465,-0.0661269068184444,0.1952115968371962,0.016992495207181428,0.041851968166533686,0.017810655486060638,-0.08386942618678639,0.14902356433148245,hillstrom,lgbm,mens,0.02
-0.01807670901879193,0.03778598754282522,-0.01508663869845685,-0.1519364196080155,0.0672398940809926,0.02843131654577539,0.04150054801650037,0.022637391279029098,-0.0831890386090979,0.1385532480965973,0.026707105905574454,0.05650519890263206,0.02646050139909346,-0.0771539395191118,0.17230161521142615,hillstrom,lgbm,mens,0.03
-0.019423932548030078,0.03741920162821765,-0.020332227822391802,-0.1143266691473057,0.0867320015257303,0.01928445994922122,0.03941215442691027,0.01303940573954295,-0.0665980612678353,0.1415722354787559,0.02463104646451469,0.0520118677130677,0.02069095262955732,-0.09518808548848903,0.22065190017413502,hillstrom,lgbm,mens,0.04
-0.019541958225512378,0.04042471135628651,-0.019275733916705,-0.125656610918062,0.1065860879599259,0.01643005507352554,0.04384151671738301,0.01322788251184475,-0.0839186719493719,0.1582716506416802,0.03918238677371275,0.06012992897452453,0.03715070156557923,-0.10695920737203768,0.27753956379521133,hillstrom,lgbm,mens,0.05
-0.019727467615122264,0.03789119990461131,-0.0157952928782303,-0.148685971366803,0.1206790064965258,0.011988779012506345,0.039067780178855295,0.01045928299350665,-0.1065115769376479,0.1688226206702363,0.0309297727849202,0.06501123013256185,0.0329589686465019,-0.16529516907741035,0.22986775048827385,hillstrom,lgbm,mens,0.06
-0.021570934815035997,0.032799423789555436,-0.01947040596035975,-0.1288782271575785,0.0653194913668445,0.007260557911267491,0.034573103811350515,0.00608900319353875,-0.0961127109277442,0.0999764077288794,0.03217751582877292,0.060298320683217284,0.023107470359323562,-0.08462899392484781,0.24918776841611145,hillstrom,lgbm,mens,0.07
-0.0228879886340473,0.031472420132141805,-0.0230914023389283,-0.1311468643453974,0.0905917677990874,0.0034107145705433543,0.03301274583387574,0.00025547797098075,-0.0992813327130204,0.1341624749420363,0.023929739896975017,0.06284009413317869,0.020255878674193983,-0.12660867165989173,0.18086661320476793,hillstrom,lgbm,mens,0.08
-0.02712599731653066,0.03042219350891221,-0.0273604089696557,-0.1427207878261933,0.0629101015316422,-0.0021257263305782554,0.031412302974288604,-0.0035031732806972,-0.1085422269029986,0.1104387408279173,0.02430602662800057,0.06132405528438317,0.02206757044759495,-0.11951412910375234,0.183010632321169,hillstrom,lgbm,mens,0.09
-0.030499996684999205,0.036493260664221865,-0.02959617254913575,-0.2816842830578864,0.0683382087396038,-0.007183706337553972,0.03602710602796381,-0.00790093383821995,-0.2384415099873078,0.1074331429562686,0.02858054483165295,0.06310332375974932,0.02287730865330169,-0.12187144239318536,0.2248582069492902,hillstrom,lgbm,mens,0.1
-0.061236865637846416,0.07373696136117974,-0.0631503928981468,-0.2828784415969179,0.1625766423480117,0.118885856494207,0.07266634525282634,0.11843689382819389,-0.0735973720821119,0.3596450578615523,0.22572612302488818,0.45534661960462836,0.18292280469076538,-0.7387189588317863,1.68571106761855,hillstrom,mlp,mens,0.01
-0.06714518775701958,0.07394234803398056,-0.06613462088235869,-0.2724894353743677,0.0919756975751255,0.05528409211795161,0.0734657044337247,0.052319501884793854,-0.1351977505002527,0.2274244267774558,0.43019685898430454,0.5355961184648985,0.3403882414878712,-0.7657225037713724,1.7868488463845436,hillstrom,mlp,mens,0.02
-0.03581042117132261,0.06162772709285236,-0.0339161852530355,-0.2211316951608825,0.0835682556015191,0.063807660464967,0.0613152478338525,0.07110332261225814,-0.1221734237716784,0.2030845762652201,0.24556406785750504,0.47284289607266466,0.22723767023943375,-0.7809419321391116,1.8933631033490648,hillstrom,mlp,mens,0.03
-0.04159424114553947,0.06797782150580917,-0.03730941345649395,-0.2432697078482518,0.1095080510904705,0.04265557672225226,0.07003689826485275,0.0426952581613016,-0.1686225385382883,0.2047498880679711,0.24756952963950432,0.4726366527096034,0.16098439179229357,-0.6670023003470714,1.8056958079451886,hillstrom,mlp,mens,0.04
-0.043617044523798255,0.07141800285181532,-0.03933872151251725,-0.2511745009140192,0.115019390348999,0.03179195849826043,0.07193650185635513,0.0355568766149326,-0.1768915005795896,0.2080788972790923,0.4105481541332107,0.4431583622004983,0.45106269080331907,-0.7534493981706422,1.3058053423153275,hillstrom,mlp,mens,0.05
-0.04663470129211359,0.06570589669620534,-0.0464361245168954,-0.1905262444230516,0.1039692601087776,0.021126474220564927,0.06530751719496722,0.021851754719216597,-0.1213872929201694,0.173463070368272,0.26095878962799923,0.4385874261850934,0.1838164324129157,-0.6032515321650217,1.2833641198889345,hillstrom,mlp,mens,0.06
-0.04214259916028471,0.06779643186571578,-0.0474347404662845,-0.2325479716082359,0.1428403299800248,0.01979023271076279,0.06774971498735337,0.01639643484555225,-0.1747003870828905,0.1975006832861497,0.27823102463300836,0.4612382132386786,0.26753804097332023,-0.9614567070478771,1.5021635532590034,hillstrom,mlp,mens,0.07
-0.032813634913807406,0.06781218203299494,-0.0325006021889339,-0.2228242826712029,0.1305476830312557,0.02488725439656179,0.069414738617368,0.023130414042097,-0.1627078773049571,0.1838506409379007,0.16964860347126623,0.4071748078673283,0.14371231069070084,-0.6040847587535653,1.0226106098916679,hillstrom,mlp,mens,0.08
-0.03738515115828713,0.06715253686434017,-0.03389760594179605,-0.2199708543727457,0.1207169325391154,0.019255143602428724,0.0684903697219209,0.021894157241388303,-0.1654845333996663,0.1734948021778421,0.28168940588344865,0.4893304158516136,0.2993968590059488,-0.6644622179596968,1.6003046767558629,hillstrom,mlp,mens,0.09
-0.042966337873462136,0.060554146206469185,-0.04328640547977325,-0.2055437509880822,0.0958086924046309,0.010043030225746607,0.06173064457490452,0.01045713994722585,-0.1536577426513019,0.1472160773915508,0.22175925221597212,0.45286988917732823,0.1412593168465422,-0.7837433068400261,1.4746655752094138,hillstrom,mlp,mens,0.1
0.016840627004709625,0.08829295061109506,0.026120599799286097,-0.2420346738903567,0.2330383243193956,0.07850774053703506,0.08817721447197378,0.08323836913883455,-0.1679662161852997,0.330872913545945,-0.077997134739986,0.07014381400914878,-0.08272124372899861,-0.3245925753800762,0.08463338425861242,hillstrom,uplift_rf,history,0.01
0.00970564065279397,0.08793248729175045,0.0113645380300671,-0.2873888336407213,0.1971207749047974,0.05665112907824864,0.08716385021571378,0.0542276399098953,-0.2288178847055318,0.2500226732494547,-0.07734415196559216,0.0824912426690112,-0.0879903734646279,-0.25811924115581236,0.126205755319335,hillstrom,uplift_rf,history,0.02
0.025298023618561927,0.07913645701230002,0.0300297331875253,-0.2035230005761275,0.2217459866602299,0.06597368710532069,0.0768621482228028,0.06475924446965095,-0.1426770583948292,0.2843261317957894,-0.07272814052857822,0.08633420868770493,-0.07831980848957673,-0.2758669507525409,0.11615304222046507,hillstrom,uplift_rf,history,0.03
0.019252237213022272,0.07099072481230706,0.024887802549490648,-0.1226472937082012,0.2213407814365853,0.053201646033243156,0.07137318283426373,0.05654070205005085,-0.0847518216231146,0.2500105078901738,-0.08202174365432542,0.09074989137706825,-0.07365185114625558,-0.3039454537548077,0.1030491170420112,hillstrom,uplift_rf,history,0.04
0.025556589439465344,0.06993203037660858,0.02884202263545605,-0.1160833869051269,0.1874637876537918,0.05552456956916916,0.06974022709925334,0.05581055078429785,-0.0871082157278581,0.213070533085962,-0.06296326878014309,0.08812657622756102,-0.053155750677825006,-0.26548249081071,0.11463809175143659,hillstrom,uplift_rf,history,0.05
0.021677625428553178,0.06416932028610269,0.026775300417514948,-0.1184114506933832,0.1864830308477688,0.04944403608385997,0.06314951262249145,0.05222617305422185,-0.0970946557444023,0.2114344215745899,-0.06977293826665897,0.08581097653540519,-0.07217354423414009,-0.2720625902864307,0.1523198415608124,hillstrom,uplift_rf,history,0.06
0.023485281455254987,0.06992848931852438,0.0205182417899615,-0.1709322346725822,0.195000158564616,0.04825924603946044,0.06872576709868619,0.044910262969848846,-0.1376879553108172,0.2182474395070224,-0.061699009780649974,0.08252216804723651,-0.05970614787306633,-0.2635677100938922,0.10187287879377001,hillstrom,uplift_rf,history,0.07
0.025379934611310415,0.060355257610192094,0.027860592356857748,-0.1208173213593456,0.168534156191841,0.0483335382398376,0.05955479339864354,0.04802612643758555,-0.0923735353330865,0.1881851448800144,-0.06274352852824051,0.0927752072266726,-0.05766207247006218,-0.33091443826519984,0.1592106101270932,hillstrom,uplift_rf,history,0.08
0.03084913977019933,0.05604044598321115,0.042418140205691596,-0.1387004910103022,0.1475101555608597,0.0521305328253353,0.05571901831068986,0.0621071774735903,-0.1159706557615491,0.1701025374552967,-0.07317913192473655,0.09050086264517179,-0.07587665460003468,-0.3950772438815972,0.14008538049808672,hillstrom,uplift_rf,history,0.09
0.028523805114982696,0.06284004932091504,0.0283352812026249,-0.1547356120616146,0.1878160233986773,0.04847779249144206,0.06169703506138529,0.0476514823685049,-0.1304687958833181,0.2062130828770877,-0.07287416337898613,0.07957525457342572,-0.08192409415239682,-0.24729801235890655,0.10662956751183633,hillstrom,uplift_rf,history,0.1
-0.09687102329356508,0.08828857892615896,-0.1002516050970589,-0.3063776870087237,0.1613398003786461,0.016049899439271983,0.08543920103153652,0.00245787457330685,-0.1686928994647107,0.2892460098550901,0.06267886786883317,0.08958186421470196,0.05488099685903873,-0.11659104806857501,0.27565481091056787,hillstrom,lgbm,history,0.01
-0.08095597340923245,0.09011569167981137,-0.07084510133167335,-0.3327176060018482,0.1539182547859665,-0.00411043354971298,0.0887322793209282,0.0072750240477168,-0.2368775979331589,0.2583811764029995,0.04455732970889659,0.0877595528569309,0.04229553804607225,-0.13018998599337117,0.2519242337430228,hillstrom,lgbm,history,0.02
-0.05849373876574812,0.06556310135275144,-0.058905172932536304,-0.2163509968851353,0.143798258523902,0.0013592720763682825,0.06719499482404316,0.0009235635411593999,-0.1536693173764151,0.2298255922937002,0.04432332961235712,0.11465011812523947,0.048247223593998266,-0.20645471526664597,0.3604048494646945,hillstrom,lgbm,history,0.03
-0.0551018212503483,0.06558442743302312,-0.05542205429143545,-0.1988700742894069,0.2066178770331942,-0.005202122864771108,0.06589491506706618,-0.0074138176949424,-0.1463109792938338,0.26749249090548,0.04730122748124519,0.13091860285597035,0.027052622966836002,-0.19032122869538495,0.34821274215707737,hillstrom,lgbm,history,0.04
-0.04603455560569269,0.06727772093176371,-0.0458850539156904,-0.2526408540741779,0.1829032033360761,-0.0017762992004069563,0.06689338584409021,0.0013693322401461998,-0.2081997306124261,0.2358500017403626,0.04439361243769687,0.11215151573427162,0.035219464185446483,-0.20533436189743676,0.3644348704962117,hillstrom,lgbm,history,0.05
-0.0437731102777196,0.07032922290145567,-0.0430439475443036,-0.2763764547461033,0.1861820230907259,-0.0038139798397193174,0.07089767793382222,-0.0049264051042156,-0.2329552079748554,0.2385970708196737,0.04729500603644868,0.1257488592123005,0.04727710560611416,-0.16451040451156104,0.3918641668445383,hillstrom,lgbm,history,0.06
-0.04460682271129828,0.07062856110319847,-0.0442929794329726,-0.246333966031217,0.205423317956204,-0.008065449396980728,0.0710847751588717,-0.0073964129341746,-0.2077538642625218,0.2504921064253274,0.030127639021844718,0.13954064914203837,0.04584945445163383,-0.32077346887459374,0.30832592860965774,hillstrom,lgbm,history,0.07
-0.04643586463422286,0.06749978572549822,-0.0490395876500218,-0.206137123717201,0.2060860176298214,-0.012372899958968543,0.06769049458652349,-0.01381436371017845,-0.1673898658702309,0.2523516232611635,0.053743306261681834,0.11896509111411638,0.05430596129819473,-0.25649833791815263,0.3508904195117315,hillstrom,lgbm,history,0.08
-0.046320080577560846,0.06215809149362248,-0.04658643229495505,-0.2135787428645569,0.1166552469903972,-0.014358189171623448,0.06228054395609294,-0.0141652496737073,-0.1808107731903077,0.1579273250900689,0.06238971415017198,0.1273444707360399,0.07505967451835796,-0.2847998830506828,0.31493046295595506,hillstrom,lgbm,history,0.09
-0.05365531589673608,0.06339620958742781,-0.0564860306885921,-0.2001835153807222,0.1263508018746174,-0.023539844405011414,0.0632986261621671,-0.026194817418622,-0.1669779692925064,0.1659346563300661,0.036662782142301995,0.13329557330765596,0.04064584588507634,-0.2964487269803786,0.4286141137388018,hillstrom,lgbm,history,0.1
0.0920003674999659,0.053189297479728476,0.0944772808138343,-0.0526515642760335,0.2202849239619768,0.15654464557497916,0.05246292457586774,0.15761178931572134,0.0258691792359414,0.3044466676037178,-0.07710185498381254,0.08289687062703069,-0.0817941876868972,-0.3217661268962494,0.08461353018267598,hillstrom,uplift_rf,newbie,0.01
0.10018161019195704,0.0412049453901797,0.1047880669690377,-0.0386499374961783,0.1915715256083831,0.14540098858051853,0.04099281799013368,0.14816785162534268,0.0118848691512268,0.2354215997825323,-0.07123177425355917,0.07948976266686256,-0.06950483586002748,-0.2628615613134487,0.1248048143883539,hillstrom,uplift_rf,newbie,0.02
0.0934594076007933,0.04298591014600857,0.0939113449643264,-0.0345518600790675,0.2102490636077561,0.13039196510100834,0.04335498764847898,0.13218088060015665,0.005396571089035,0.2473898652353612,-0.06138736447628729,0.08677986880428053,-0.05546788000432001,-0.29949963135853364,0.18890491877453608,hillstrom,uplift_rf,newbie,0.03
0.09986830456498379,0.04567248334450423,0.10449373970269565,-0.0309423470050346,0.213920007504085,0.13155828769386174,0.04574108688200316,0.13424634797648186,0.0038387056981114,0.2488409555691993,-0.07307415223947003,0.07715970999756712,-0.07482994915450408,-0.28544701292029284,0.13881341274150838,hillstrom,uplift_rf,newbie,0.04
0.10207516000416536,0.047922510840713285,0.10203157842929705,-0.0070030609720624,0.1948541985239586,0.1306592007189783,0.04778712626233278,0.13139973225507895,0.0190186049420503,0.2211697396429462,-0.0738931719959812,0.08446884700436624,-0.07420329554807265,-0.27314784478813287,0.1753512249573832,hillstrom,uplift_rf,newbie,0.05
0.11007177001559654,0.044500619215222595,0.11397779020403001,0.0095812646440268,0.2205095384958329,0.1363440162967477,0.04441681805378549,0.1389045867264707,0.0372011800264957,0.2474607328005856,-0.06332435467730875,0.08184209860649562,-0.06663381030983892,-0.2484746522817179,0.14464628560297257,hillstrom,uplift_rf,newbie,0.06
0.09922320089142155,0.04385677740701671,0.10126633758110715,-0.0124441013429478,0.2310406990208506,0.12301685405565613,0.044046743498707824,0.1257621484511906,0.0123433621107989,0.2544673660639064,-0.06321270436797208,0.06672949508882572,-0.05587632217391837,-0.23467982252015326,0.12169983560857152,hillstrom,uplift_rf,newbie,0.07
0.10642714376994744,0.04665904108615989,0.09881134193318875,-0.007788579552988,0.2381764967727525,0.12911729274662723,0.047070454534131,0.12052168547938591,0.0155136072473109,0.2672148193258327,-0.05884342507145316,0.07570201893761229,-0.058978458660143576,-0.24984015043952493,0.09887078566440623,hillstrom,uplift_rf,newbie,0.08
0.09807302903681243,0.04714804630271396,0.09680873639848206,0.0006117621355182,0.1991918008816303,0.11913604286903622,0.04723275709526927,0.11747942394348485,0.0209062026694418,0.2186046141682393,-0.053116427043692654,0.09400299216910504,-0.05116337148157208,-0.25186432613920684,0.1384697219727672,hillstrom,uplift_rf,newbie,0.09
0.08193621089809032,0.0451888859907165,0.08224991243726229,-0.0254083621788171,0.1928755040024478,0.1019894961965233,0.045147792193699986,0.10141363867165079,-0.0055707416011311,0.2140584539519183,-0.05542382955365852,0.09422167316328396,-0.050840003684060026,-0.3248827890556278,0.1491200501902706,hillstrom,uplift_rf,newbie,0.1
-0.028818781175116766,0.06510686423943647,-0.03283118173064455,-0.268575622100339,0.1789156621271956,0.14504169670430486,0.06708924422015546,0.13789887523916716,-0.10192173316541,0.344350525783975,0.19208244934336932,0.4458394750228987,0.19864585050922118,-0.85422782202073,1.4111984872907608,hillstrom,mlp,newbie,0.01
-4.0547953423357154e-05,0.061442647184862045,0.0070946470788793,-0.1429185736906145,0.1224846812601938,0.1287135113471146,0.06125703175560673,0.1346209680666393,-0.0058496986458914,0.2509314841500777,0.5182795606179603,0.5102262186015702,0.4903052982840168,-0.4978388280984032,1.6206727272267738,hillstrom,mlp,newbie,0.02
0.0309646113784099,0.05755485406494862,0.0394468262442927,-0.1181722967011822,0.1835069953805664,0.12615240094296712,0.061269210342440344,0.13476301405654073,-0.0156255054300019,0.2847183346765128,0.15942158610196583,0.43614468600276823,0.12481112758158669,-0.8240530600243233,1.3380168311140073,hillstrom,mlp,newbie,0.03
0.03293351331607525,0.052779991353711614,0.031617470953468,-0.0790150385516677,0.1778468389188529,0.1186800716771223,0.05329527041348108,0.1242840435470717,-0.0002286416319406,0.2674738211632422,0.391584118622357,0.5171574055726271,0.37893378782283216,-0.9581333969144139,1.6573990212844003,hillstrom,mlp,newbie,0.04
0.014992855279438643,0.05372345661063976,0.01525290515951375,-0.1025053158383108,0.1516681114829566,0.09025539087891887,0.054617558047895025,0.08870290911086459,-0.0131985783413872,0.221509037793191,0.34373486572849976,0.5372629240512806,0.2643831348660358,-0.9574308545528551,2.1774408529247156,hillstrom,mlp,newbie,0.05
0.02364425237355038,0.051362237253484426,0.02464906876807025,-0.083250894895824,0.1408343811952808,0.09308544339748019,0.05240679824060802,0.0952609229549608,-0.0224716197679135,0.2018324718873832,0.47631896146749164,0.5429229533523554,0.45736143769616033,-0.684246857046676,1.9409337093741987,hillstrom,mlp,newbie,0.06
0.04011415824496664,0.04596416542241188,0.0468958374483313,-0.0543043059816801,0.149109020512237,0.1038674554942774,0.045853604111923386,0.1103751517339552,0.0012391840971112,0.2093170627709412,0.2726760381386872,0.5114609417106211,0.26258075558938576,-0.7995161772927356,1.8526863718148523,hillstrom,mlp,newbie,0.07
0.02438647539984296,0.05501213809906278,0.02341664231224165,-0.097172818525794,0.1479129498340332,0.08528382111363536,0.05647523100955034,0.08198947464666109,-0.0370238076204705,0.2154981145390055,0.4090694296983725,0.4413913121193502,0.43070600888550736,-0.7760356163012758,1.6311170305475942,hillstrom,mlp,newbie,0.08
0.02510710526350478,0.051232619209518014,0.022689711397559202,-0.0874161080727979,0.1411970421197995,0.0808427859646268,0.05287477588071372,0.07666380468588965,-0.0348348013452311,0.202875992422745,0.26515578063233475,0.43050272209037327,0.27749783454371846,-0.6706887682925661,1.2716848138518053,hillstrom,mlp,newbie,0.09
0.03038823091774855,0.05073430158853473,0.027968791694605998,-0.0956166598036623,0.1484367426848673,0.08409859775891172,0.052042442789573984,0.08176192883563654,-0.0461890139778817,0.2020520313412289,0.3018296380053576,0.48315358772668804,0.26439382124552263,-0.7575990806485371,1.4588501650301582,hillstrom,mlp,newbie,0.1
-0.03232205139529443,0.022784189064461193,-0.0301788774404525,-0.0893679801768998,0.0181060385213237,0.02001378938316328,0.022531496826858188,0.0193759991012141,-0.0380550752775287,0.0791432829381868,0.025087981124229816,0.03100165614886058,0.023622342038129317,-0.07295004146706595,0.1379765348975439,hillstrom,lgbm,newbie,0.01
-0.03129931228626854,0.01813671114340502,-0.032148576491372746,-0.0685529535452771,0.0149623401660127,0.00537020600501081,0.020368226189238257,0.00220344540438955,-0.0319377890155813,0.0661684288019869,0.03411944958882021,0.040211368292063523,0.03043788761439768,-0.09373871077477809,0.13717279206728353,hillstrom,lgbm,newbie,0.02
-0.030554960201252816,0.016439411160636835,-0.0297087939912943,-0.0732179848895824,0.0064270323545836,-0.0008979028069376288,0.018376853529997555,-8.442605540689272e-05,-0.042257965108318,0.0402335095062504,0.040271360998427215,0.037947653308716446,0.04483152291969135,-0.06460283278049253,0.12273081071678829,hillstrom,lgbm,newbie,0.03
-0.027273162433163613,0.020269516840193975,-0.02769905343793545,-0.063262688993845,0.0257412984785103,-0.000817359342491486,0.021708752704933956,-0.001847610036185,-0.0389349859122521,0.0619822972098473,0.0462886906100661,0.04585970360225689,0.04803727662537324,-0.0738263001796529,0.17224388573838256,hillstrom,lgbm,newbie,0.04
-0.02519716575486018,0.017329725651866665,-0.025867224764889202,-0.0691729800922192,0.0090584346755799,-0.0021124759288700472,0.01863702449558167,-0.0034784924103056,-0.0490322753311868,0.0347911149635513,0.0497518403094042,0.046029105453292224,0.04995348918581734,-0.08763421053060542,0.1713119588365714,hillstrom,lgbm,newbie,0.05
-0.027899959791029598,0.020236632702627395,-0.028809422492208,-0.0686867376448667,0.0303849523584669,-0.006479401210836125,0.021797132603308633,-0.0074077141220711,-0.0495951130818076,0.0637435072908285,0.05210031912516427,0.04834376885499019,0.05081396804929503,-0.09924221897868805,0.20307769074485363,hillstrom,lgbm,newbie,0.06
-0.02895610488716057,0.01953488588060229,-0.03147367162086895,-0.0662537824738483,0.025752765492951,-0.009144332839624727,0.021438725863009933,-0.013048010179749249,-0.0465989548581408,0.0560520339982104,0.0478852178009353,0.050212492963969756,0.04667978105228674,-0.046221209315413465,0.22086559202732486,hillstrom,lgbm,newbie,0.07
-0.0278424449926616,0.019441886616672642,-0.029203058885495597,-0.0649053710109933,0.0326866907938814,-0.00960041565208327,0.021242959778940997,-0.01202201978184845,-0.0487904758613941,0.0598557712037786,0.05317655085768008,0.06204437703724682,0.052599156977112045,-0.11729152740994424,0.23883583667668548,hillstrom,lgbm,newbie,0.08
-0.026959440778907853,0.02031190494478935,-0.028596276291507898,-0.0835176212737137,0.0268763979024609,-0.00974412805272617,0.02173501745619082,-0.01365113862811145,-0.0679172653658835,0.0519763718186095,0.050397398294103966,0.05837596543354707,0.05162243814827937,-0.08127504894376188,0.206108168718874,hillstrom,lgbm,newbie,0.09
-0.026148571604167992,0.021527360100589466,-0.028942011577089997,-0.06749033032033,0.0332777185139792,-0.009671765275952163,0.023160122086790417,-0.0124326408478107,-0.0469675182331293,0.0625135204468138,0.05721307246994249,0.06129023904822081,0.05740287295711487,-0.10591606567944133,0.20222395224279432,hillstrom,lgbm,newbie,0.1
-0.18834629217649948,0.07055942626340306,-0.19843534190115564,-0.3414719798849243,-0.0016954104756589,0.10027533386008644,0.08007058579360093,0.0993587870036831,-0.0787895453613038,0.3406572663662149,0.08328312801220017,0.05139411713443537,0.08149479056082923,-0.049424634059878396,0.21391160726107325,hillstrom,lgbm,recency,0.01
-0.14180691383954225,0.050671776108613606,-0.1413092880814415,-0.2623044963167961,-0.0296277661700888,0.047882564817623166,0.056700316857133934,0.043961920310858243,-0.1071557651046304,0.1974395496304443,0.10428895535040766,0.06156243912961354,0.11383857701949404,-0.04234564972712704,0.21871911523603751,hillstrom,lgbm,recency,0.02
-0.12440500038177998,0.04451054588139301,-0.1229666906812977,-0.231613030976839,-0.0028924714896624,0.027174099515639396,0.048615296966762436,0.02920519189574675,-0.0932929846829873,0.1502853071378226,0.10646433215744561,0.0774456358746084,0.11120128487904168,-0.06937923286875293,0.2839854032708218,hillstrom,lgbm,recency,0.03
-0.11545093930124185,0.04075064781392215,-0.11488666334344515,-0.213429202186596,-0.0176266487010378,0.015057101001846564,0.04374582942215049,0.012503017808650652,-0.1001325048924521,0.1128324455466988,0.10929402151500323,0.07932940097924415,0.10437345097488032,-0.08979575453872646,0.3540761562826799,hillstrom,lgbm,recency,0.04
-0.10859233194048568,0.03992748700327906,-0.1098017656424687,-0.2117034957116791,0.0068858112674908,0.00633193664412127,0.03939790737337142,0.00614193232672715,-0.1036202331029916,0.1335549929299977,0.1086139002607844,0.08908465481071796,0.10710327927878208,-0.09015379393139805,0.3517752843476779,hillstrom,lgbm,recency,0.05
-0.10371449501376453,0.03753739890678272,-0.1074032835400304,-0.2072718844345582,0.0168575699768191,1.7847009890392464e-05,0.03714396389648599,-0.0015288186836974501,-0.1087712189131272,0.1273250776863194,0.08270109259990935,0.09117089853282724,0.08634117977642088,-0.10886958039803699,0.2824174330194546,hillstrom,lgbm,recency,0.06
-0.09971396867176313,0.03577269341833683,-0.09892992201660475,-0.191854761934858,0.0024012641113763,-0.0033641340116476893,0.036482126230641586,-0.0033598944166947997,-0.0874852648574148,0.0981780116404877,0.09044702529663078,0.09260071179607514,0.08693648174274701,-0.1259254478986897,0.3199382197926258,hillstrom,lgbm,recency,0.07
-0.09885641633875912,0.035931443348071274,-0.10110698070882235,-0.2087524341929167,-0.0201161845190816,-0.008959048542019293,0.036753351391599236,-0.011883786379964949,-0.1114125439941736,0.0852829895015074,0.08653994847816034,0.08346396053562541,0.07440376230000553,-0.11891835813494823,0.2750631786228784,hillstrom,lgbm,recency,0.08
-0.0944689367192838,0.03545054573235525,-0.09437863130575325,-0.18704021357992,-0.0150642992258228,-0.01084700306734457,0.03642240825243813,-0.0169190966615679,-0.0996668786015277,0.0648341100025908,0.09109580574541568,0.08553244999220697,0.10015701502623078,-0.13092453234639215,0.32828301705679824,hillstrom,lgbm,recency,0.09
-0.09553365691809,0.032230838831278204,-0.0982613922104914,-0.154276202754669,-0.0050536266050035,-0.015972546435036122,0.033367754506616006,-0.02080664511840495,-0.082666342142553,0.0705968854485137,0.09180695777818494,0.08797297732058422,0.08184311030674693,-0.11806850642902358,0.3341252509986669,hillstrom,lgbm,recency,0.1
0.18616363561343474,0.06613452629128297,0.18440235170805352,0.0583534406929832,0.3650199081557216,0.37111845982116987,0.06080193145599495,0.36632203418410947,0.2202153109662514,0.5122997197258827,0.25002061299599243,0.3968294937712783,0.26600950645707033,-0.6966370716449692,1.1785947264808678,hillstrom,mlp,womens,0.01
0.17408656565171485,0.0734390635709347,0.17488527676390409,-0.0029823605985893,0.3937896562686263,0.3031382852905068,0.07005264619116722,0.3073103141105527,0.1424485895467097,0.5178760965145955,0.41042405387475717,0.4732838385330174,0.4231937721811115,-0.49573762781171027,1.551556009219564,hillstrom,mlp,womens,0.02
0.18919496525920784,0.06634991793746862,0.18957903934270795,-0.0239526757989228,0.3312103272227373,0.29292157371744426,0.06359420723308061,0.29334591024219403,0.093881269468221,0.4330583571795703,0.2387770493399244,0.43130590923814194,0.21271124451599838,-0.4986547513213959,1.390103244364039,hillstrom,mlp,womens,0.03
0.16968019723539726,0.06121323721576598,0.17298214429311465,0.0044827061775205,0.2903200595948043,0.2600959076292176,0.057722687201366155,0.26253356199532346,0.1161836559665265,0.3774747177660118,0.4484046591412879,0.4677148387593609,0.40266500637632,-0.5202493064783064,2.3245081117360313,hillstrom,mlp,womens,0.04
0.17012238285894707,0.058010771982410406,0.1637436184967391,0.0128104031174953,0.2876047835814045,0.2540353054536768,0.058436905738320645,0.2434468338219212,0.1000744029021149,0.3734774103869447,0.48809196482308365,0.4780487843429485,0.44444140923371345,-0.35876675550580234,1.9868553889562215,hillstrom,mlp,womens,0.05
0.15537209311881128,0.05757120129822631,0.15238696551442193,0.0396806463445274,0.3119595069421958,0.22995300295103355,0.05655832192051015,0.22350783974220323,0.0960146087529169,0.3776295857953062,0.26993227712790874,0.48387349557508047,0.3012035978206003,-0.8275631999300493,1.5003056730394404,hillstrom,mlp,womens,0.06
0.15637749540038795,0.05667791603218646,0.15597896409934975,0.0021512455885345,0.3032222005297321,0.22604094087547547,0.055544792748341294,0.2235609580931818,0.0725050102767173,0.3588692969500265,0.49064025812164525,0.4486764042177913,0.4899203141012672,-0.5621200755376078,1.9209000839929036,hillstrom,mlp,womens,0.07
0.16644097018747206,0.06116162456874372,0.17473486832177876,-0.0250489862009862,0.2989419358327582,0.23088624769540828,0.061188886112193926,0.23932724875000094,0.0451474750680324,0.3732543818922852,0.2872711181837598,0.48624473517887207,0.2857700961494773,-0.6742916114783635,1.6534201854912445,hillstrom,mlp,womens,0.08
0.15355635515351373,0.06258662369216536,0.15734903257837107,0.0003749787062666,0.2795950895323502,0.21361386941138988,0.06189654826756018,0.2186089748505671,0.0564545579508206,0.33210919278011,0.4970304100534261,0.4344695009197584,0.45353522936705915,-0.3765365036603696,1.7918754487555306,hillstrom,mlp,womens,0.09
0.14886498995087205,0.06984423508699916,0.1504123406261384,-0.0111476679071989,0.3313641072168768,0.20656488402273215,0.06916502562805824,0.20537720601757103,0.0477012342896503,0.3887316937301411,0.41209126797972817,0.457491526886925,0.4359013279998271,-0.39827416728655796,1.5194067580387207,hillstrom,mlp,womens,0.1
0.28133997042898007,0.050042596284292924,0.275578198508899,0.1733114302179282,0.4031744896805724,0.4190400156835402,0.04229908087055578,0.4140559311648676,0.3336823882479344,0.542524975216314,0.08401993705496189,0.07891213686972325,0.07932352757624836,-0.13814673972289532,0.27377549135496615,hillstrom,lgbm,womens,0.01
0.2822204450021129,0.051190720915565466,0.28066007114882247,0.1282909613194922,0.409242999646495,0.3811305303982123,0.04529048720070947,0.38177189361646313,0.2547048111065252,0.4853533184303208,0.12177355128608798,0.09380292371172243,0.1187487317998568,-0.1019607367890339,0.3715895915255507,hillstrom,lgbm,womens,0.02
0.28039962293901505,0.052848565918677336,0.2830350790894465,0.0985573615701216,0.3943435670360705,0.36149393524588264,0.0484177440332825,0.36502654492583997,0.2059687876300599,0.4600411060338889,0.11981384211470404,0.1133305492438327,0.11125883769067149,-0.1328890368906241,0.35918784378821106,hillstrom,lgbm,womens,0.03
0.27704624724384286,0.05458783841028581,0.28097013300184437,0.0852544910617845,0.4194907990131091,0.3477079327273788,0.050031237711164335,0.3507094602824692,0.168599889298882,0.4704702285857138,0.12549823375844352,0.10739982896342394,0.1358451457075367,-0.1123178212023124,0.40429281870046174,hillstrom,lgbm,womens,0.04
0.2813949323806456,0.05149952730790196,0.27946967280278934,0.1519119460306225,0.3979840662444514,0.34319619400114726,0.04854650461045049,0.33869113535558176,0.2189807858080331,0.4520768703518853,0.13874075867002422,0.11025487804755234,0.13816054249280435,-0.10264054185341065,0.37950186143147124,hillstrom,lgbm,womens,0.05
0.2836677578029404,0.051110087063118016,0.2880661715275261,0.1333306612658445,0.4466374108547679,0.34025307214863304,0.04770066417114822,0.3433368150634879,0.2007814705547285,0.4899064742063298,0.15364361651407102,0.1117826818781867,0.15410614640370268,-0.07239787140467961,0.4409321054384325,hillstrom,lgbm,womens,0.06
0.27697443824470824,0.058248267520680054,0.27751916913718355,0.0938629342520688,0.4025907800626975,0.329191771149373,0.05506392088476574,0.3314861805715775,0.1531226729541133,0.4449936294998028,0.1579042333143322,0.12047677792319313,0.15523471943221032,-0.11427224496565427,0.4949676518026194,hillstrom,lgbm,womens,0.07
0.27294910975445386,0.0627705630540074,0.28113941959390487,0.0648707166276032,0.3804853799942378,0.3224965732237657,0.0594592678939404,0.3334129112120656,0.122203801402993,0.4225086523187678,0.16325911992225747,0.12457079705563141,0.15300905357615713,-0.12159553079176413,0.4783066528683939,hillstrom,lgbm,womens,0.08
0.27429859250479305,0.05861788442487771,0.2785747770260426,0.0315739560898279,0.3929173188687034,0.3203204429985442,0.055806829186760366,0.3247776786566857,0.0814455229692512,0.4292409556806224,0.18231321983921123,0.11717810548643404,0.18164119866116313,-0.12541234227518622,0.50722317333391,hillstrom,lgbm,womens,0.09
0.27481444183785875,0.062268598219685625,0.2784708379002814,0.0645637034655168,0.3825570697669717,0.31809569202464466,0.0599209566200359,0.3212242650639313,0.1067604081811949,0.418323314497744,0.17484662211499596,0.13453243924844266,0.18062098961776218,-0.24504398174404776,0.4943667367872166,hillstrom,lgbm,womens,0.1
0.3866277760206857,0.09570539160049224,0.38748185625932763,0.125557531548405,0.5803241427530762,0.47610961709204247,0.09710341468496285,0.47346972885994304,0.2176832450139304,0.6571276541579026,-0.028615310153907395,0.08439711726345138,-0.03527311981284426,-0.2143323352551599,0.16735848661971012,hillstrom,uplift_rf,womens,0.01
0.38517243184579625,0.08607531746825704,0.3970856240489588,0.1499980550053492,0.5516204730725747,0.44923350360719927,0.08490241852284677,0.4585852036147054,0.2289338751185408,0.620693262726386,-0.05279361425583613,0.07677011568725184,-0.059153901108281184,-0.24050880104149405,0.1767428482207949,hillstrom,uplift_rf,womens,0.02
0.3385719674204485,0.08924826913700425,0.33659733766052824,0.1490412918827838,0.6105577884547402,0.39191702815370005,0.08874616238177675,0.3882864246701033,0.2001945080004671,0.6399137726880664,-0.04522013614876192,0.08393224514009892,-0.04902589335519933,-0.23581066828787298,0.1660801803501894,hillstrom,uplift_rf,womens,0.03
0.32520118582096946,0.0886595747403322,0.33422051666648445,0.0984724802341978,0.5553440681714805,0.37166932717514256,0.08786020798610229,0.3782897607805331,0.1394240704443077,0.6042692710856246,-0.04118816189586991,0.09222412396628762,-0.049659047319534994,-0.2723043285628382,0.3211410769766243,hillstrom,uplift_rf,womens,0.04
0.3153828434967896,0.09595948031516416,0.318436937897723,-0.0066612110791469,0.5221792654272689,0.3552077704179895,0.09506503285901108,0.3614473374875397,0.0361361610115014,0.562075164636073,-0.02371063947184207,0.10273705461089071,-0.0179863934217103,-0.3182810045795205,0.2481006389012505,hillstrom,uplift_rf,womens,0.05
0.30866702002661706,0.0984518319981015,0.3163206847989995,0.0269262155056215,0.561867105619312,0.3453316238914701,0.09791586285795571,0.3530783785325709,0.0585090890588986,0.5953353800777287,-0.026917670274571922,0.09418583599808875,-0.021524423744738976,-0.2650689125463975,0.1810699082745603,hillstrom,uplift_rf,womens,0.06
0.29406596182410355,0.09868761404099312,0.2958085148191209,0.0629193222150971,0.5640965139229749,0.3269532032557818,0.09776354948924704,0.3301672504656175,0.1066361443898867,0.5936682939220163,-0.028191491949388855,0.08577346581911377,-0.022378037044154368,-0.21630176487807573,0.1855618017288414,hillstrom,uplift_rf,womens,0.07
0.30198623145321024,0.10604254894763386,0.29934406988700246,0.0776076961841449,0.5283917857615171,0.3334985552786589,0.1053401650359516,0.3318003059890991,0.1069711644564736,0.5623336916753393,-0.028574103899657352,0.09195400780717856,-0.02946466749705083,-0.22293522392291013,0.1959171242383274,hillstrom,uplift_rf,womens,0.08
0.28628881380711235,0.09873076508312657,0.27471409368111543,0.0826895958794014,0.5054921153840299,0.3153170865787471,0.09743801852606605,0.30669496615194003,0.1123938698449155,0.5245966808948168,-0.02101650159903426,0.08855435903792347,-0.0172581468511507,-0.19227823971496844,0.20956188229973147,hillstrom,uplift_rf,womens,0.09
0.2854286475780072,0.10116101802660749,0.29569952311408587,0.0853545595546279,0.5413688477052744,0.3123956116306523,0.09985307035067348,0.31994344208599756,0.1148845291547732,0.5648031617829482,-0.02095884109908449,0.0888951233332319,-0.023939592546425706,-0.1992834938615181,0.2626321587119424,hillstrom,uplift_rf,womens,0.1
